timestamp_utc,player_id,table_id,result,base_bet,bankroll_before,bankroll_after,dealer_total,dealer_upcard,dealer_hand_json,player_totals,player_hands_json,player_actions_json,meta_json
2025-10-10T05:07:05Z,0,1,-50.0,50.0,1000.0,950.0,24,JD,"{""cards"": [""JD"", ""2S"", ""4H"", ""8H""], ""total"": 24, ""blackjack"": false, ""busted"": true, ""surrendered"": false, ""doubled"": false, ""split_aces"": false, ""originated_from_split"": false, ""wager"": 0.0}",[26],"[{""cards"": [""10D"", ""6S"", ""JH""], ""total"": 26, ""blackjack"": false, ""busted"": true, ""surrendered"": false, ""doubled"": false, ""split_aces"": false, ""originated_from_split"": false, ""wager"": 50.0}]","[""hit""]","{""rule_set"": ""BlackjackRules(decks=6, dealer_hits_soft_17=True, double_after_split=True, surrender_allowed=True, blackjack_pays_ratio=(3, 2), resplit_limit=3, resplit_aces_allowed=False)"", ""num_decks"": 6, ""penetration"": 0.75}"
2025-10-10T05:07:05Z,1,1,-50.0,50.0,1000.0,950.0,24,JD,"{""cards"": [""JD"", ""2S"", ""4H"", ""8H""], ""total"": 24, ""blackjack"": false, ""busted"": true, ""surrendered"": false, ""doubled"": false, ""split_aces"": false, ""originated_from_split"": false, ""wager"": 0.0}",[22],"[{""cards"": [""4H"", ""5C"", ""3C"", ""QD""], ""total"": 22, ""blackjack"": false, ""busted"": true, ""surrendered"": false, ""doubled"": false, ""split_aces"": false, ""originated_from_split"": false, ""wager"": 50.0}]","[""hit"", ""hit""]","{""rule_set"": ""BlackjackRules(decks=6, dealer_hits_soft_17=True, double_after_split=True, surrender_allowed=True, blackjack_pays_ratio=(3, 2), resplit_limit=3, resplit_aces_allowed=False)"", ""num_decks"": 6, ""penetration"": 0.75}"
2025-10-10T05:07:05Z,2,1,50.0,50.0,1000.0,1050.0,24,JD,"{""cards"": [""JD"", ""2S"", ""4H"", ""8H""], ""total"": 24, ""blackjack"": false, ""busted"": true, ""surrendered"": false, ""doubled"": false, ""split_aces"": false, ""originated_from_split"": false, ""wager"": 0.0}",[20],"[{""cards"": [""JS"", ""KD""], ""total"": 20, ""blackjack"": false, ""busted"": false, ""surrendered"": false, ""doubled"": false, ""split_aces"": false, ""originated_from_split"": false, ""wager"": 50.0}]","[""stand""]","{""rule_set"": ""BlackjackRules(decks=6, dealer_hits_soft_17=True, double_after_split=True, surrender_allowed=True, blackjack_pays_ratio=(3, 2), resplit_limit=3, resplit_aces_allowed=False)"", ""num_decks"": 6, ""penetration"": 0.75}"
2025-10-10T05:07:05Z,3,1,100.0,50.0,1000.0,1100.0,24,JD,"{""cards"": [""JD"", ""2S"", ""4H"", ""8H""], ""total"": 24, ""blackjack"": false, ""busted"": true, ""surrendered"": false, ""doubled"": false, ""split_aces"": false, ""originated_from_split"": false, ""wager"": 0.0}",[16],"[{""cards"": [""2S"", ""5S"", ""9C""], ""total"": 16, ""blackjack"": false, ""busted"": false, ""surrendered"": false, ""doubled"": true, ""split_aces"": false, ""originated_from_split"": false, ""wager"": 100.0}]","[""double""]","{""rule_set"": ""BlackjackRules(decks=6, dealer_hits_soft_17=True, double_after_split=True, surrender_allowed=True, blackjack_pays_ratio=(3, 2), resplit_limit=3, resplit_aces_allowed=False)"", ""num_decks"": 6, ""penetration"": 0.75}"
2025-10-10T05:07:05Z,4,1,50.0,50.0,1000.0,1050.0,24,JD,"{""cards"": [""JD"", ""2S"", ""4H"", ""8H""], ""total"": 24, ""blackjack"": false, ""busted"": true, ""surrendered"": false, ""doubled"": false, ""split_aces"": false, ""originated_from_split"": false, ""wager"": 0.0}",[18],"[{""cards"": [""3D"", ""AD"", ""10D"", ""4C""], ""total"": 18, ""blackjack"": false, ""busted"": false, ""surrendered"": false, ""doubled"": false, ""split_aces"": false, ""originated_from_split"": false, ""wager"": 50.0}]","[""hit"", ""hit"", ""stand""]","{""rule_set"": ""BlackjackRules(decks=6, dealer_hits_soft_17=True, double_after_split=True, surrender_allowed=True, blackjack_pays_ratio=(3, 2), resplit_limit=3, resplit_aces_allowed=False)"", ""num_decks"": 6, ""penetration"": 0.75}"
2025-10-10T05:07:05Z,5,1,50.0,50.0,1000.0,1050.0,24,JD,"{""cards"": [""JD"", ""2S"", ""4H"", ""8H""], ""total"": 24, ""blackjack"": false, ""busted"": true, ""surrendered"": false, ""doubled"": false, ""split_aces"": false, ""originated_from_split"": false, ""wager"": 0.0}",[17],"[{""cards"": [""JS"", ""7S""], ""total"": 17, ""blackjack"": false, ""busted"": false, ""surrendered"": false, ""doubled"": false, ""split_aces"": false, ""originated_from_split"": false, ""wager"": 50.0}]","[""stand""]","{""rule_set"": ""BlackjackRules(decks=6, dealer_hits_soft_17=True, double_after_split=True, surrender_allowed=True, blackjack_pays_ratio=(3, 2), resplit_limit=3, resplit_aces_allowed=False)"", ""num_decks"": 6, ""penetration"": 0.75}"
2025-10-10T05:07:05Z,6,1,100.0,50.0,1000.0,1100.0,24,JD,"{""cards"": [""JD"", ""2S"", ""4H"", ""8H""], ""total"": 24, ""blackjack"": false, ""busted"": true, ""surrendered"": false, ""doubled"": false, ""split_aces"": false, ""originated_from_split"": false, ""wager"": 0.0}",[13],"[{""cards"": [""QC"", ""2D"", ""AS""], ""total"": 13, ""blackjack"": false, ""busted"": false, ""surrendered"": false, ""doubled"": true, ""split_aces"": false, ""originated_from_split"": false, ""wager"": 100.0}]","[""double""]","{""rule_set"": ""BlackjackRules(decks=6, dealer_hits_soft_17=True, double_after_split=True, surrender_allowed=True, blackjack_pays_ratio=(3, 2), resplit_limit=3, resplit_aces_allowed=False)"", ""num_decks"": 6, ""penetration"": 0.75}"
2025-10-10T05:08:14Z,0,1,50.0,50.0,950.0,1000.0,17,6S,"{""cards"": [""6S"", ""QH"", ""AH""], ""total"": 17, ""blackjack"": false, ""busted"": false, ""surrendered"": false, ""doubled"": false, ""split_aces"": false, ""originated_from_split"": false, ""wager"": 0.0}","[17, 19]","[{""cards"": [""8D"", ""9S""], ""total"": 17, ""blackjack"": false, ""busted"": false, ""surrendered"": false, ""doubled"": false, ""split_aces"": false, ""originated_from_split"": true, ""wager"": 50.0}, {""cards"": [""8H"", ""AD""], ""total"": 19, ""blackjack"": false, ""busted"": false, ""surrendered"": false, ""doubled"": false, ""split_aces"": false, ""originated_from_split"": true, ""wager"": 50.0}]","[""split"", ""stand"", ""stand""]","{""rule_set"": ""BlackjackRules(decks=6, dealer_hits_soft_17=True, double_after_split=True, surrender_allowed=True, blackjack_pays_ratio=(3, 2), resplit_limit=3, resplit_aces_allowed=False)"", ""num_decks"": 6, ""penetration"": 0.75}"
2025-10-10T05:08:14Z,1,1,50.0,50.0,950.0,1000.0,17,6S,"{""cards"": [""6S"", ""QH"", ""AH""], ""total"": 17, ""blackjack"": false, ""busted"": false, ""surrendered"": false, ""doubled"": false, ""split_aces"": false, ""originated_from_split"": false, ""wager"": 0.0}",[21],"[{""cards"": [""4C"", ""QH"", ""7S""], ""total"": 21, ""blackjack"": false, ""busted"": false, ""surrendered"": false, ""doubled"": false, ""split_aces"": false, ""originated_from_split"": false, ""wager"": 50.0}]","[""hit"", ""stand""]","{""rule_set"": ""BlackjackRules(decks=6, dealer_hits_soft_17=True, double_after_split=True, surrender_allowed=True, blackjack_pays_ratio=(3, 2), resplit_limit=3, resplit_aces_allowed=False)"", ""num_decks"": 6, ""penetration"": 0.75}"
2025-10-10T05:08:14Z,2,1,-50.0,50.0,1050.0,1000.0,17,6S,"{""cards"": [""6S"", ""QH"", ""AH""], ""total"": 17, ""blackjack"": false, ""busted"": false, ""surrendered"": false, ""doubled"": false, ""split_aces"": false, ""originated_from_split"": false, ""wager"": 0.0}",[12],"[{""cards"": [""5H"", ""7D""], ""total"": 12, ""blackjack"": false, ""busted"": false, ""surrendered"": false, ""doubled"": false, ""split_aces"": false, ""originated_from_split"": false, ""wager"": 50.0}]","[""stand""]","{""rule_set"": ""BlackjackRules(decks=6, dealer_hits_soft_17=True, double_after_split=True, surrender_allowed=True, blackjack_pays_ratio=(3, 2), resplit_limit=3, resplit_aces_allowed=False)"", ""num_decks"": 6, ""penetration"": 0.75}"
2025-10-10T05:08:14Z,3,1,-50.0,50.0,1100.0,1050.0,17,6S,"{""cards"": [""6S"", ""QH"", ""AH""], ""total"": 17, ""blackjack"": false, ""busted"": false, ""surrendered"": false, ""doubled"": false, ""split_aces"": false, ""originated_from_split"": false, ""wager"": 0.0}",[15],"[{""cards"": [""5S"", ""KH""], ""total"": 15, ""blackjack"": false, ""busted"": false, ""surrendered"": false, ""doubled"": false, ""split_aces"": false, ""originated_from_split"": false, ""wager"": 50.0}]","[""stand""]","{""rule_set"": ""BlackjackRules(decks=6, dealer_hits_soft_17=True, double_after_split=True, surrender_allowed=True, blackjack_pays_ratio=(3, 2), resplit_limit=3, resplit_aces_allowed=False)"", ""num_decks"": 6, ""penetration"": 0.75}"
2025-10-10T05:08:14Z,4,1,50.0,50.0,1050.0,1100.0,17,6S,"{""cards"": [""6S"", ""QH"", ""AH""], ""total"": 17, ""blackjack"": false, ""busted"": false, ""surrendered"": false, ""doubled"": false, ""split_aces"": false, ""originated_from_split"": false, ""wager"": 0.0}",[20],"[{""cards"": [""10H"", ""JH""], ""total"": 20, ""blackjack"": false, ""busted"": false, ""surrendered"": false, ""doubled"": false, ""split_aces"": false, ""originated_from_split"": false, ""wager"": 50.0}]","[""stand""]","{""rule_set"": ""BlackjackRules(decks=6, dealer_hits_soft_17=True, double_after_split=True, surrender_allowed=True, blackjack_pays_ratio=(3, 2), resplit_limit=3, resplit_aces_allowed=False)"", ""num_decks"": 6, ""penetration"": 0.75}"
2025-10-10T05:08:14Z,5,1,-100.0,50.0,1050.0,950.0,17,6S,"{""cards"": [""6S"", ""QH"", ""AH""], ""total"": 17, ""blackjack"": false, ""busted"": false, ""surrendered"": false, ""doubled"": false, ""split_aces"": false, ""originated_from_split"": false, ""wager"": 0.0}",[14],"[{""cards"": [""JC"", ""3C"", ""AC""], ""total"": 14, ""blackjack"": false, ""busted"": false, ""surrendered"": false, ""doubled"": true, ""split_aces"": false, ""originated_from_split"": false, ""wager"": 100.0}]","[""double""]","{""rule_set"": ""BlackjackRules(decks=6, dealer_hits_soft_17=True, double_after_split=True, surrender_allowed=True, blackjack_pays_ratio=(3, 2), resplit_limit=3, resplit_aces_allowed=False)"", ""num_decks"": 6, ""penetration"": 0.75}"
2025-10-10T05:08:14Z,6,1,-100.0,50.0,1100.0,1000.0,17,6S,"{""cards"": [""6S"", ""QH"", ""AH""], ""total"": 17, ""blackjack"": false, ""busted"": false, ""surrendered"": false, ""doubled"": false, ""split_aces"": false, ""originated_from_split"": false, ""wager"": 0.0}",[16],"[{""cards"": [""3S"", ""6D"", ""7H""], ""total"": 16, ""blackjack"": false, ""busted"": false, ""surrendered"": false, ""doubled"": true, ""split_aces"": false, ""originated_from_split"": false, ""wager"": 100.0}]","[""double""]","{""rule_set"": ""BlackjackRules(decks=6, dealer_hits_soft_17=True, double_after_split=True, surrender_allowed=True, blackjack_pays_ratio=(3, 2), resplit_limit=3, resplit_aces_allowed=False)"", ""num_decks"": 6, ""penetration"": 0.75}"
2025-10-10T05:08:14Z,0,1,-50.0,50.0,1000.0,950.0,,QD,"{""cards"": [""QD"", ""AH""], ""total"": 21, ""blackjack"": true, ""busted"": false, ""surrendered"": false, ""doubled"": false, ""split_aces"": false, ""originated_from_split"": false, ""wager"": 0.0}",[13],"[{""cards"": [""6C"", ""7D""], ""total"": 13, ""blackjack"": false, ""busted"": false, ""surrendered"": false, ""doubled"": false, ""split_aces"": false, ""originated_from_split"": false, ""wager"": 50.0}]",[],"{""rule_set"": ""BlackjackRules(decks=6, dealer_hits_soft_17=True, double_after_split=True, surrender_allowed=True, blackjack_pays_ratio=(3, 2), resplit_limit=3, resplit_aces_allowed=False)"", ""num_decks"": 6, ""penetration"": 0.75}"
2025-10-10T05:08:14Z,1,1,-50.0,50.0,1000.0,950.0,,QD,"{""cards"": [""QD"", ""AH""], ""total"": 21, ""blackjack"": true, ""busted"": false, ""surrendered"": false, ""doubled"": false, ""split_aces"": false, ""originated_from_split"": false, ""wager"": 0.0}",[15],"[{""cards"": [""5D"", ""KS""], ""total"": 15, ""blackjack"": false, ""busted"": false, ""surrendered"": false, ""doubled"": false, ""split_aces"": false, ""originated_from_split"": false, ""wager"": 50.0}]",[],"{""rule_set"": ""BlackjackRules(decks=6, dealer_hits_soft_17=True, double_after_split=True, surrender_allowed=True, blackjack_pays_ratio=(3, 2), resplit_limit=3, resplit_aces_allowed=False)"", ""num_decks"": 6, ""penetration"": 0.75}"
2025-10-10T05:08:14Z,2,1,-50.0,50.0,1000.0,950.0,,QD,"{""cards"": [""QD"", ""AH""], ""total"": 21, ""blackjack"": true, ""busted"": false, ""surrendered"": false, ""doubled"": false, ""split_aces"": false, ""originated_from_split"": false, ""wager"": 0.0}",[11],"[{""cards"": [""2H"", ""9H""], ""total"": 11, ""blackjack"": false, ""busted"": false, ""surrendered"": false, ""doubled"": false, ""split_aces"": false, ""originated_from_split"": false, ""wager"": 50.0}]",[],"{""rule_set"": ""BlackjackRules(decks=6, dealer_hits_soft_17=True, double_after_split=True, surrender_allowed=True, blackjack_pays_ratio=(3, 2), resplit_limit=3, resplit_aces_allowed=False)"", ""num_decks"": 6, ""penetration"": 0.75}"
2025-10-10T05:08:14Z,3,1,-50.0,50.0,1050.0,1000.0,,QD,"{""cards"": [""QD"", ""AH""], ""total"": 21, ""blackjack"": true, ""busted"": false, ""surrendered"": false, ""doubled"": false, ""split_aces"": false, ""originated_from_split"": false, ""wager"": 0.0}",[15],"[{""cards"": [""5S"", ""JH""], ""total"": 15, ""blackjack"": false, ""busted"": false, ""surrendered"": false, ""doubled"": false, ""split_aces"": false, ""originated_from_split"": false, ""wager"": 50.0}]",[],"{""rule_set"": ""BlackjackRules(decks=6, dealer_hits_soft_17=True, double_after_split=True, surrender_allowed=True, blackjack_pays_ratio=(3, 2), resplit_limit=3, resplit_aces_allowed=False)"", ""num_decks"": 6, ""penetration"": 0.75}"
2025-10-10T05:08:14Z,4,1,-50.0,50.0,1100.0,1050.0,,QD,"{""cards"": [""QD"", ""AH""], ""total"": 21, ""blackjack"": true, ""busted"": false, ""surrendered"": false, ""doubled"": false, ""split_aces"": false, ""originated_from_split"": false, ""wager"": 0.0}",[14],"[{""cards"": [""JD"", ""4C""], ""total"": 14, ""blackjack"": false, ""busted"": false, ""surrendered"": false, ""doubled"": false, ""split_aces"": false, ""originated_from_split"": false, ""wager"": 50.0}]",[],"{""rule_set"": ""BlackjackRules(decks=6, dealer_hits_soft_17=True, double_after_split=True, surrender_allowed=True, blackjack_pays_ratio=(3, 2), resplit_limit=3, resplit_aces_allowed=False)"", ""num_decks"": 6, ""penetration"": 0.75}"
2025-10-10T05:08:14Z,5,1,-50.0,50.0,950.0,900.0,,QD,"{""cards"": [""QD"", ""AH""], ""total"": 21, ""blackjack"": true, ""busted"": false, ""surrendered"": false, ""doubled"": false, ""split_aces"": false, ""originated_from_split"": false, ""wager"": 0.0}",[14],"[{""cards"": [""8S"", ""6H""], ""total"": 14, ""blackjack"": false, ""busted"": false, ""surrendered"": false, ""doubled"": false, ""split_aces"": false, ""originated_from_split"": false, ""wager"": 50.0}]",[],"{""rule_set"": ""BlackjackRules(decks=6, dealer_hits_soft_17=True, double_after_split=True, surrender_allowed=True, blackjack_pays_ratio=(3, 2), resplit_limit=3, resplit_aces_allowed=False)"", ""num_decks"": 6, ""penetration"": 0.75}"
2025-10-10T05:08:14Z,6,1,-50.0,50.0,1000.0,950.0,,QD,"{""cards"": [""QD"", ""AH""], ""total"": 21, ""blackjack"": true, ""busted"": false, ""surrendered"": false, ""doubled"": false, ""split_aces"": false, ""originated_from_split"": false, ""wager"": 0.0}",[14],"[{""cards"": [""QH"", ""4S""], ""total"": 14, ""blackjack"": false, ""busted"": false, ""surrendered"": false, ""doubled"": false, ""split_aces"": false, ""originated_from_split"": false, ""wager"": 50.0}]",[],"{""rule_set"": ""BlackjackRules(decks=6, dealer_hits_soft_17=True, double_after_split=True, surrender_allowed=True, blackjack_pays_ratio=(3, 2), resplit_limit=3, resplit_aces_allowed=False)"", ""num_decks"": 6, ""penetration"": 0.75}"
2025-10-10T05:10:05Z,0,1,100.0,50.0,950.0,1050.0,19,9D,"{""cards"": [""9D"", ""JH""], ""total"": 19, ""blackjack"": false, ""busted"": false, ""surrendered"": false, ""doubled"": false, ""split_aces"": false, ""originated_from_split"": false, ""wager"": 0.0}",[20],"[{""cards"": [""4S"", ""6D"", ""10C""], ""total"": 20, ""blackjack"": false, ""busted"": false, ""surrendered"": false, ""doubled"": true, ""split_aces"": false, ""originated_from_split"": false, ""wager"": 100.0}]","[""double""]","{""rule_set"": ""BlackjackRules(decks=6, dealer_hits_soft_17=True, double_after_split=True, surrender_allowed=True, blackjack_pays_ratio=(3, 2), resplit_limit=3, resplit_aces_allowed=False)"", ""num_decks"": 6, ""penetration"": 0.75}"
2025-10-10T05:10:05Z,1,1,-50.0,50.0,950.0,900.0,19,9D,"{""cards"": [""9D"", ""JH""], ""total"": 19, ""blackjack"": false, ""busted"": false, ""surrendered"": false, ""doubled"": false, ""split_aces"": false, ""originated_from_split"": false, ""wager"": 0.0}",[25],"[{""cards"": [""5D"", ""QS"", ""2H"", ""8D""], ""total"": 25, ""blackjack"": false, ""busted"": true, ""surrendered"": false, ""doubled"": false, ""split_aces"": false, ""originated_from_split"": false, ""wager"": 50.0}]","[""hit"", ""hit""]","{""rule_set"": ""BlackjackRules(decks=6, dealer_hits_soft_17=True, double_after_split=True, surrender_allowed=True, blackjack_pays_ratio=(3, 2), resplit_limit=3, resplit_aces_allowed=False)"", ""num_decks"": 6, ""penetration"": 0.75}"
2025-10-10T05:10:05Z,2,1,-50.0,50.0,950.0,900.0,19,9D,"{""cards"": [""9D"", ""JH""], ""total"": 19, ""blackjack"": false, ""busted"": false, ""surrendered"": false, ""doubled"": false, ""split_aces"": false, ""originated_from_split"": false, ""wager"": 0.0}",[18],"[{""cards"": [""10C"", ""8H""], ""total"": 18, ""blackjack"": false, ""busted"": false, ""surrendered"": false, ""doubled"": false, ""split_aces"": false, ""originated_from_split"": false, ""wager"": 50.0}]","[""stand""]","{""rule_set"": ""BlackjackRules(decks=6, dealer_hits_soft_17=True, double_after_split=True, surrender_allowed=True, blackjack_pays_ratio=(3, 2), resplit_limit=3, resplit_aces_allowed=False)"", ""num_decks"": 6, ""penetration"": 0.75}"
2025-10-10T05:10:05Z,3,1,-25.0,50.0,1000.0,975.0,19,9D,"{""cards"": [""9D"", ""JH""], ""total"": 19, ""blackjack"": false, ""busted"": false, ""surrendered"": false, ""doubled"": false, ""split_aces"": false, ""originated_from_split"": false, ""wager"": 0.0}",[20],"[{""cards"": [""QS"", ""JD""], ""total"": 20, ""blackjack"": false, ""busted"": false, ""surrendered"": true, ""doubled"": false, ""split_aces"": false, ""originated_from_split"": false, ""wager"": 50.0}]","[""surrender""]","{""rule_set"": ""BlackjackRules(decks=6, dealer_hits_soft_17=True, double_after_split=True, surrender_allowed=True, blackjack_pays_ratio=(3, 2), resplit_limit=3, resplit_aces_allowed=False)"", ""num_decks"": 6, ""penetration"": 0.75}"
2025-10-10T05:10:05Z,4,1,50.0,50.0,1050.0,1100.0,19,9D,"{""cards"": [""9D"", ""JH""], ""total"": 19, ""blackjack"": false, ""busted"": false, ""surrendered"": false, ""doubled"": false, ""split_aces"": false, ""originated_from_split"": false, ""wager"": 0.0}",[20],"[{""cards"": [""JS"", ""JS""], ""total"": 20, ""blackjack"": false, ""busted"": false, ""surrendered"": false, ""doubled"": false, ""split_aces"": false, ""originated_from_split"": false, ""wager"": 50.0}]","[""stand""]","{""rule_set"": ""BlackjackRules(decks=6, dealer_hits_soft_17=True, double_after_split=True, surrender_allowed=True, blackjack_pays_ratio=(3, 2), resplit_limit=3, resplit_aces_allowed=False)"", ""num_decks"": 6, ""penetration"": 0.75}"
2025-10-10T05:10:05Z,5,1,-100.0,50.0,900.0,800.0,19,9D,"{""cards"": [""9D"", ""JH""], ""total"": 19, ""blackjack"": false, ""busted"": false, ""surrendered"": false, ""doubled"": false, ""split_aces"": false, ""originated_from_split"": false, ""wager"": 0.0}",[22],"[{""cards"": [""KC"", ""6C"", ""6D""], ""total"": 22, ""blackjack"": false, ""busted"": true, ""surrendered"": false, ""doubled"": true, ""split_aces"": false, ""originated_from_split"": false, ""wager"": 100.0}]","[""double""]","{""rule_set"": ""BlackjackRules(decks=6, dealer_hits_soft_17=True, double_after_split=True, surrender_allowed=True, blackjack_pays_ratio=(3, 2), resplit_limit=3, resplit_aces_allowed=False)"", ""num_decks"": 6, ""penetration"": 0.75}"
2025-10-10T05:10:05Z,6,1,50.0,50.0,950.0,1000.0,19,9D,"{""cards"": [""9D"", ""JH""], ""total"": 19, ""blackjack"": false, ""busted"": false, ""surrendered"": false, ""doubled"": false, ""split_aces"": false, ""originated_from_split"": false, ""wager"": 0.0}",[20],"[{""cards"": [""KC"", ""JC""], ""total"": 20, ""blackjack"": false, ""busted"": false, ""surrendered"": false, ""doubled"": false, ""split_aces"": false, ""originated_from_split"": false, ""wager"": 50.0}]","[""stand""]","{""rule_set"": ""BlackjackRules(decks=6, dealer_hits_soft_17=True, double_after_split=True, surrender_allowed=True, blackjack_pays_ratio=(3, 2), resplit_limit=3, resplit_aces_allowed=False)"", ""num_decks"": 6, ""penetration"": 0.75}"
2025-10-10T05:11:37Z,0,1,-50.0,50.0,1050.0,1000.0,18,3C,"{""cards"": [""3C"", ""4S"", ""AD""], ""total"": 18, ""blackjack"": false, ""busted"": false, ""surrendered"": false, ""doubled"": false, ""split_aces"": false, ""originated_from_split"": false, ""wager"": 0.0}",[14],"[{""cards"": [""7C"", ""7C""], ""total"": 14, ""blackjack"": false, ""busted"": false, ""surrendered"": false, ""doubled"": false, ""split_aces"": false, ""originated_from_split"": false, ""wager"": 50.0}]","[""stand""]","{""rule_set"": ""BlackjackRules(decks=6, dealer_hits_soft_17=True, double_after_split=True, surrender_allowed=True, blackjack_pays_ratio=(3, 2), resplit_limit=3, resplit_aces_allowed=False)"", ""num_decks"": 6, ""penetration"": 0.75}"
2025-10-10T05:11:37Z,1,1,50.0,50.0,900.0,950.0,18,3C,"{""cards"": [""3C"", ""4S"", ""AD""], ""total"": 18, ""blackjack"": false, ""busted"": false, ""surrendered"": false, ""doubled"": false, ""split_aces"": false, ""originated_from_split"": false, ""wager"": 0.0}",[20],"[{""cards"": [""JS"", ""10H""], ""total"": 20, ""blackjack"": false, ""busted"": false, ""surrendered"": false, ""doubled"": false, ""split_aces"": false, ""originated_from_split"": false, ""wager"": 50.0}]","[""stand""]","{""rule_set"": ""BlackjackRules(decks=6, dealer_hits_soft_17=True, double_after_split=True, surrender_allowed=True, blackjack_pays_ratio=(3, 2), resplit_limit=3, resplit_aces_allowed=False)"", ""num_decks"": 6, ""penetration"": 0.75}"
2025-10-10T05:11:37Z,2,1,-50.0,50.0,900.0,850.0,18,3C,"{""cards"": [""3C"", ""4S"", ""AD""], ""total"": 18, ""blackjack"": false, ""busted"": false, ""surrendered"": false, ""doubled"": false, ""split_aces"": false, ""originated_from_split"": false, ""wager"": 0.0}",[13],"[{""cards"": [""QS"", ""3D""], ""total"": 13, ""blackjack"": false, ""busted"": false, ""surrendered"": false, ""doubled"": false, ""split_aces"": false, ""originated_from_split"": false, ""wager"": 50.0}]","[""stand""]","{""rule_set"": ""BlackjackRules(decks=6, dealer_hits_soft_17=True, double_after_split=True, surrender_allowed=True, blackjack_pays_ratio=(3, 2), resplit_limit=3, resplit_aces_allowed=False)"", ""num_decks"": 6, ""penetration"": 0.75}"
2025-10-10T05:11:37Z,3,1,-50.0,50.0,975.0,925.0,18,3C,"{""cards"": [""3C"", ""4S"", ""AD""], ""total"": 18, ""blackjack"": false, ""busted"": false, ""surrendered"": false, ""doubled"": false, ""split_aces"": false, ""originated_from_split"": false, ""wager"": 0.0}",[15],"[{""cards"": [""10H"", ""5H""], ""total"": 15, ""blackjack"": false, ""busted"": false, ""surrendered"": false, ""doubled"": false, ""split_aces"": false, ""originated_from_split"": false, ""wager"": 50.0}]","[""stand""]","{""rule_set"": ""BlackjackRules(decks=6, dealer_hits_soft_17=True, double_after_split=True, surrender_allowed=True, blackjack_pays_ratio=(3, 2), resplit_limit=3, resplit_aces_allowed=False)"", ""num_decks"": 6, ""penetration"": 0.75}"
2025-10-10T05:11:37Z,4,1,-50.0,50.0,1100.0,1050.0,18,3C,"{""cards"": [""3C"", ""4S"", ""AD""], ""total"": 18, ""blackjack"": false, ""busted"": false, ""surrendered"": false, ""doubled"": false, ""split_aces"": false, ""originated_from_split"": false, ""wager"": 0.0}",[15],"[{""cards"": [""9C"", ""6H""], ""total"": 15, ""blackjack"": false, ""busted"": false, ""surrendered"": false, ""doubled"": false, ""split_aces"": false, ""originated_from_split"": false, ""wager"": 50.0}]","[""stand""]","{""rule_set"": ""BlackjackRules(decks=6, dealer_hits_soft_17=True, double_after_split=True, surrender_allowed=True, blackjack_pays_ratio=(3, 2), resplit_limit=3, resplit_aces_allowed=False)"", ""num_decks"": 6, ""penetration"": 0.75}"
2025-10-10T05:11:37Z,5,1,50.0,50.0,800.0,850.0,18,3C,"{""cards"": [""3C"", ""4S"", ""AD""], ""total"": 18, ""blackjack"": false, ""busted"": false, ""surrendered"": false, ""doubled"": false, ""split_aces"": false, ""originated_from_split"": false, ""wager"": 0.0}",[20],"[{""cards"": [""9H"", ""3H"", ""3H"", ""5H""], ""total"": 20, ""blackjack"": false, ""busted"": false, ""surrendered"": false, ""doubled"": false, ""split_aces"": false, ""originated_from_split"": false, ""wager"": 50.0}]","[""hit"", ""hit"", ""stand""]","{""rule_set"": ""BlackjackRules(decks=6, dealer_hits_soft_17=True, double_after_split=True, surrender_allowed=True, blackjack_pays_ratio=(3, 2), resplit_limit=3, resplit_aces_allowed=False)"", ""num_decks"": 6, ""penetration"": 0.75}"
2025-10-10T05:11:37Z,6,1,100.0,50.0,1000.0,1100.0,18,3C,"{""cards"": [""3C"", ""4S"", ""AD""], ""total"": 18, ""blackjack"": false, ""busted"": false, ""surrendered"": false, ""doubled"": false, ""split_aces"": false, ""originated_from_split"": false, ""wager"": 0.0}",[20],"[{""cards"": [""2H"", ""8S"", ""KS""], ""total"": 20, ""blackjack"": false, ""busted"": false, ""surrendered"": false, ""doubled"": true, ""split_aces"": false, ""originated_from_split"": false, ""wager"": 100.0}]","[""double""]","{""rule_set"": ""BlackjackRules(decks=6, dealer_hits_soft_17=True, double_after_split=True, surrender_allowed=True, blackjack_pays_ratio=(3, 2), resplit_limit=3, resplit_aces_allowed=False)"", ""num_decks"": 6, ""penetration"": 0.75}"
2025-10-10T05:16:05Z,0,1,50.0,50.0,1000.0,1050.0,26,10D,"{""cards"": [""10D"", ""6S"", ""10C""], ""total"": 26, ""blackjack"": false, ""busted"": true, ""surrendered"": false, ""doubled"": false, ""split_aces"": false, ""originated_from_split"": false, ""wager"": 0.0}",[18],"[{""cards"": [""KD"", ""8D""], ""total"": 18, ""blackjack"": false, ""busted"": false, ""surrendered"": false, ""doubled"": false, ""split_aces"": false, ""originated_from_split"": false, ""wager"": 50.0}]","[""stand""]","{""rule_set"": ""BlackjackRules(decks=6, dealer_hits_soft_17=True, double_after_split=True, surrender_allowed=True, blackjack_pays_ratio=(3, 2), resplit_limit=3, resplit_aces_allowed=False)"", ""num_decks"": 6, ""penetration"": 0.75}"
2025-10-10T05:16:05Z,1,1,-50.0,50.0,950.0,900.0,26,10D,"{""cards"": [""10D"", ""6S"", ""10C""], ""total"": 26, ""blackjack"": false, ""busted"": true, ""surrendered"": false, ""doubled"": false, ""split_aces"": false, ""originated_from_split"": false, ""wager"": 0.0}",[22],"[{""cards"": [""2D"", ""3H"", ""7D"", ""KC""], ""total"": 22, ""blackjack"": false, ""busted"": true, ""surrendered"": false, ""doubled"": false, ""split_aces"": false, ""originated_from_split"": false, ""wager"": 50.0}]","[""hit"", ""hit""]","{""rule_set"": ""BlackjackRules(decks=6, dealer_hits_soft_17=True, double_after_split=True, surrender_allowed=True, blackjack_pays_ratio=(3, 2), resplit_limit=3, resplit_aces_allowed=False)"", ""num_decks"": 6, ""penetration"": 0.75}"
2025-10-10T05:16:05Z,2,1,50.0,50.0,850.0,900.0,26,10D,"{""cards"": [""10D"", ""6S"", ""10C""], ""total"": 26, ""blackjack"": false, ""busted"": true, ""surrendered"": false, ""doubled"": false, ""split_aces"": false, ""originated_from_split"": false, ""wager"": 0.0}",[13],"[{""cards"": [""2S"", ""AH"", ""KH""], ""total"": 13, ""blackjack"": false, ""busted"": false, ""surrendered"": false, ""doubled"": false, ""split_aces"": false, ""originated_from_split"": false, ""wager"": 50.0}]","[""hit"", ""stand""]","{""rule_set"": ""BlackjackRules(decks=6, dealer_hits_soft_17=True, double_after_split=True, surrender_allowed=True, blackjack_pays_ratio=(3, 2), resplit_limit=3, resplit_aces_allowed=False)"", ""num_decks"": 6, ""penetration"": 0.75}"
2025-10-10T05:16:05Z,3,1,-100.0,50.0,925.0,825.0,26,10D,"{""cards"": [""10D"", ""6S"", ""10C""], ""total"": 26, ""blackjack"": false, ""busted"": true, ""surrendered"": false, ""doubled"": false, ""split_aces"": false, ""originated_from_split"": false, ""wager"": 0.0}",[22],"[{""cards"": [""10D"", ""7C"", ""5C""], ""total"": 22, ""blackjack"": false, ""busted"": true, ""surrendered"": false, ""doubled"": true, ""split_aces"": false, ""originated_from_split"": false, ""wager"": 100.0}]","[""double""]","{""rule_set"": ""BlackjackRules(decks=6, dealer_hits_soft_17=True, double_after_split=True, surrender_allowed=True, blackjack_pays_ratio=(3, 2), resplit_limit=3, resplit_aces_allowed=False)"", ""num_decks"": 6, ""penetration"": 0.75}"
2025-10-10T05:16:05Z,4,1,-25.0,50.0,1050.0,1025.0,26,10D,"{""cards"": [""10D"", ""6S"", ""10C""], ""total"": 26, ""blackjack"": false, ""busted"": true, ""surrendered"": false, ""doubled"": false, ""split_aces"": false, ""originated_from_split"": false, ""wager"": 0.0}",[16],"[{""cards"": [""9H"", ""7H""], ""total"": 16, ""blackjack"": false, ""busted"": false, ""surrendered"": true, ""doubled"": false, ""split_aces"": false, ""originated_from_split"": false, ""wager"": 50.0}]","[""surrender""]","{""rule_set"": ""BlackjackRules(decks=6, dealer_hits_soft_17=True, double_after_split=True, surrender_allowed=True, blackjack_pays_ratio=(3, 2), resplit_limit=3, resplit_aces_allowed=False)"", ""num_decks"": 6, ""penetration"": 0.75}"
2025-10-10T05:16:05Z,5,1,-50.0,50.0,850.0,800.0,26,10D,"{""cards"": [""10D"", ""6S"", ""10C""], ""total"": 26, ""blackjack"": false, ""busted"": true, ""surrendered"": false, ""doubled"": false, ""split_aces"": false, ""originated_from_split"": false, ""wager"": 0.0}",[23],"[{""cards"": [""KD"", ""4D"", ""9D""], ""total"": 23, ""blackjack"": false, ""busted"": true, ""surrendered"": false, ""doubled"": false, ""split_aces"": false, ""originated_from_split"": false, ""wager"": 50.0}]","[""hit""]","{""rule_set"": ""BlackjackRules(decks=6, dealer_hits_soft_17=True, double_after_split=True, surrender_allowed=True, blackjack_pays_ratio=(3, 2), resplit_limit=3, resplit_aces_allowed=False)"", ""num_decks"": 6, ""penetration"": 0.75}"
2025-10-10T05:16:05Z,6,1,50.0,50.0,1100.0,1150.0,26,10D,"{""cards"": [""10D"", ""6S"", ""10C""], ""total"": 26, ""blackjack"": false, ""busted"": true, ""surrendered"": false, ""doubled"": false, ""split_aces"": false, ""originated_from_split"": false, ""wager"": 0.0}",[18],"[{""cards"": [""AH"", ""7S""], ""total"": 18, ""blackjack"": false, ""busted"": false, ""surrendered"": false, ""doubled"": false, ""split_aces"": false, ""originated_from_split"": false, ""wager"": 50.0}]","[""stand""]","{""rule_set"": ""BlackjackRules(decks=6, dealer_hits_soft_17=True, double_after_split=True, surrender_allowed=True, blackjack_pays_ratio=(3, 2), resplit_limit=3, resplit_aces_allowed=False)"", ""num_decks"": 6, ""penetration"": 0.75}"
2025-10-10T05:19:22Z,0,1,-25.0,50.0,1050.0,1025.0,20,7S,"{""cards"": [""7S"", ""3H"", ""KS""], ""total"": 20, ""blackjack"": false, ""busted"": false, ""surrendered"": false, ""doubled"": false, ""split_aces"": false, ""originated_from_split"": false, ""wager"": 0.0}",[15],"[{""cards"": [""5S"", ""JC""], ""total"": 15, ""blackjack"": false, ""busted"": false, ""surrendered"": true, ""doubled"": false, ""split_aces"": false, ""originated_from_split"": false, ""wager"": 50.0}]","[""surrender""]","{""rule_set"": ""BlackjackRules(decks=6, dealer_hits_soft_17=True, double_after_split=True, surrender_allowed=True, blackjack_pays_ratio=(3, 2), resplit_limit=3, resplit_aces_allowed=False)"", ""num_decks"": 6, ""penetration"": 0.75}"
2025-10-10T05:19:22Z,1,1,-50.0,50.0,900.0,850.0,20,7S,"{""cards"": [""7S"", ""3H"", ""KS""], ""total"": 20, ""blackjack"": false, ""busted"": false, ""surrendered"": false, ""doubled"": false, ""split_aces"": false, ""originated_from_split"": false, ""wager"": 0.0}",[26],"[{""cards"": [""9H"", ""5C"", ""2C"", ""10H""], ""total"": 26, ""blackjack"": false, ""busted"": true, ""surrendered"": false, ""doubled"": false, ""split_aces"": false, ""originated_from_split"": false, ""wager"": 50.0}]","[""hit"", ""hit""]","{""rule_set"": ""BlackjackRules(decks=6, dealer_hits_soft_17=True, double_after_split=True, surrender_allowed=True, blackjack_pays_ratio=(3, 2), resplit_limit=3, resplit_aces_allowed=False)"", ""num_decks"": 6, ""penetration"": 0.75}"
2025-10-10T05:19:22Z,2,1,-50.0,50.0,900.0,850.0,20,7S,"{""cards"": [""7S"", ""3H"", ""KS""], ""total"": 20, ""blackjack"": false, ""busted"": false, ""surrendered"": false, ""doubled"": false, ""split_aces"": false, ""originated_from_split"": false, ""wager"": 0.0}",[17],"[{""cards"": [""7D"", ""10S""], ""total"": 17, ""blackjack"": false, ""busted"": false, ""surrendered"": false, ""doubled"": false, ""split_aces"": false, ""originated_from_split"": false, ""wager"": 50.0}]","[""stand""]","{""rule_set"": ""BlackjackRules(decks=6, dealer_hits_soft_17=True, double_after_split=True, surrender_allowed=True, blackjack_pays_ratio=(3, 2), resplit_limit=3, resplit_aces_allowed=False)"", ""num_decks"": 6, ""penetration"": 0.75}"
2025-10-10T05:19:22Z,3,1,-50.0,50.0,825.0,775.0,20,7S,"{""cards"": [""7S"", ""3H"", ""KS""], ""total"": 20, ""blackjack"": false, ""busted"": false, ""surrendered"": false, ""doubled"": false, ""split_aces"": false, ""originated_from_split"": false, ""wager"": 0.0}",[13],"[{""cards"": [""AD"", ""2D""], ""total"": 13, ""blackjack"": false, ""busted"": false, ""surrendered"": false, ""doubled"": false, ""split_aces"": false, ""originated_from_split"": false, ""wager"": 50.0}]","[""stand""]","{""rule_set"": ""BlackjackRules(decks=6, dealer_hits_soft_17=True, double_after_split=True, surrender_allowed=True, blackjack_pays_ratio=(3, 2), resplit_limit=3, resplit_aces_allowed=False)"", ""num_decks"": 6, ""penetration"": 0.75}"
2025-10-10T05:19:22Z,4,1,-50.0,50.0,1025.0,975.0,20,7S,"{""cards"": [""7S"", ""3H"", ""KS""], ""total"": 20, ""blackjack"": false, ""busted"": false, ""surrendered"": false, ""doubled"": false, ""split_aces"": false, ""originated_from_split"": false, ""wager"": 0.0}",[23],"[{""cards"": [""4H"", ""9S"", ""10C""], ""total"": 23, ""blackjack"": false, ""busted"": true, ""surrendered"": false, ""doubled"": false, ""split_aces"": false, ""originated_from_split"": false, ""wager"": 50.0}]","[""hit""]","{""rule_set"": ""BlackjackRules(decks=6, dealer_hits_soft_17=True, double_after_split=True, surrender_allowed=True, blackjack_pays_ratio=(3, 2), resplit_limit=3, resplit_aces_allowed=False)"", ""num_decks"": 6, ""penetration"": 0.75}"
2025-10-10T05:19:22Z,5,1,75.0,50.0,800.0,875.0,20,7S,"{""cards"": [""7S"", ""3H"", ""KS""], ""total"": 20, ""blackjack"": false, ""busted"": false, ""surrendered"": false, ""doubled"": false, ""split_aces"": false, ""originated_from_split"": false, ""wager"": 0.0}",[21],"[{""cards"": [""AD"", ""QD""], ""total"": 21, ""blackjack"": true, ""busted"": false, ""surrendered"": false, ""doubled"": false, ""split_aces"": false, ""originated_from_split"": false, ""wager"": 50.0}]","[""stand""]","{""rule_set"": ""BlackjackRules(decks=6, dealer_hits_soft_17=True, double_after_split=True, surrender_allowed=True, blackjack_pays_ratio=(3, 2), resplit_limit=3, resplit_aces_allowed=False)"", ""num_decks"": 6, ""penetration"": 0.75}"
2025-10-10T05:19:22Z,6,1,-50.0,50.0,1150.0,1100.0,20,7S,"{""cards"": [""7S"", ""3H"", ""KS""], ""total"": 20, ""blackjack"": false, ""busted"": false, ""surrendered"": false, ""doubled"": false, ""split_aces"": false, ""originated_from_split"": false, ""wager"": 0.0}",[22],"[{""cards"": [""KS"", ""7H"", ""5C""], ""total"": 22, ""blackjack"": false, ""busted"": true, ""surrendered"": false, ""doubled"": false, ""split_aces"": false, ""originated_from_split"": false, ""wager"": 50.0}]","[""hit""]","{""rule_set"": ""BlackjackRules(decks=6, dealer_hits_soft_17=True, double_after_split=True, surrender_allowed=True, blackjack_pays_ratio=(3, 2), resplit_limit=3, resplit_aces_allowed=False)"", ""num_decks"": 6, ""penetration"": 0.75}"
2025-10-10T05:21:32Z,0,1,-25.0,50.0,1025.0,1000.0,24,AC,"{""cards"": [""AC"", ""AC"", ""10C"", ""3C"", ""9C""], ""total"": 24, ""blackjack"": false, ""busted"": true, ""surrendered"": false, ""doubled"": false, ""split_aces"": false, ""originated_from_split"": false, ""wager"": 0.0}",[17],"[{""cards"": [""9H"", ""8C""], ""total"": 17, ""blackjack"": false, ""busted"": false, ""surrendered"": true, ""doubled"": false, ""split_aces"": false, ""originated_from_split"": false, ""wager"": 50.0}]","[""surrender""]","{""rule_set"": ""BlackjackRules(decks=6, dealer_hits_soft_17=True, double_after_split=True, surrender_allowed=True, blackjack_pays_ratio=(3, 2), resplit_limit=3, resplit_aces_allowed=False)"", ""num_decks"": 6, ""penetration"": 0.75}"
2025-10-10T05:21:32Z,1,1,100.0,50.0,850.0,950.0,24,AC,"{""cards"": [""AC"", ""AC"", ""10C"", ""3C"", ""9C""], ""total"": 24, ""blackjack"": false, ""busted"": true, ""surrendered"": false, ""doubled"": false, ""split_aces"": false, ""originated_from_split"": false, ""wager"": 0.0}",[12],"[{""cards"": [""9C"", ""2S"", ""AS""], ""total"": 12, ""blackjack"": false, ""busted"": false, ""surrendered"": false, ""doubled"": true, ""split_aces"": false, ""originated_from_split"": false, ""wager"": 100.0}]","[""double""]","{""rule_set"": ""BlackjackRules(decks=6, dealer_hits_soft_17=True, double_after_split=True, surrender_allowed=True, blackjack_pays_ratio=(3, 2), resplit_limit=3, resplit_aces_allowed=False)"", ""num_decks"": 6, ""penetration"": 0.75}"
2025-10-10T05:21:32Z,2,1,-50.0,50.0,850.0,800.0,24,AC,"{""cards"": [""AC"", ""AC"", ""10C"", ""3C"", ""9C""], ""total"": 24, ""blackjack"": false, ""busted"": true, ""surrendered"": false, ""doubled"": false, ""split_aces"": false, ""originated_from_split"": false, ""wager"": 0.0}",[23],"[{""cards"": [""10D"", ""3S"", ""10H""], ""total"": 23, ""blackjack"": false, ""busted"": true, ""surrendered"": false, ""doubled"": false, ""split_aces"": false, ""originated_from_split"": false, ""wager"": 50.0}]","[""hit""]","{""rule_set"": ""BlackjackRules(decks=6, dealer_hits_soft_17=True, double_after_split=True, surrender_allowed=True, blackjack_pays_ratio=(3, 2), resplit_limit=3, resplit_aces_allowed=False)"", ""num_decks"": 6, ""penetration"": 0.75}"
2025-10-10T05:21:32Z,3,1,-50.0,50.0,775.0,725.0,24,AC,"{""cards"": [""AC"", ""AC"", ""10C"", ""3C"", ""9C""], ""total"": 24, ""blackjack"": false, ""busted"": true, ""surrendered"": false, ""doubled"": false, ""split_aces"": false, ""originated_from_split"": false, ""wager"": 0.0}",[22],"[{""cards"": [""KD"", ""3C"", ""9C""], ""total"": 22, ""blackjack"": false, ""busted"": true, ""surrendered"": false, ""doubled"": false, ""split_aces"": false, ""originated_from_split"": false, ""wager"": 50.0}]","[""hit""]","{""rule_set"": ""BlackjackRules(decks=6, dealer_hits_soft_17=True, double_after_split=True, surrender_allowed=True, blackjack_pays_ratio=(3, 2), resplit_limit=3, resplit_aces_allowed=False)"", ""num_decks"": 6, ""penetration"": 0.75}"
2025-10-10T05:21:32Z,4,1,100.0,50.0,975.0,1075.0,24,AC,"{""cards"": [""AC"", ""AC"", ""10C"", ""3C"", ""9C""], ""total"": 24, ""blackjack"": false, ""busted"": true, ""surrendered"": false, ""doubled"": false, ""split_aces"": false, ""originated_from_split"": false, ""wager"": 0.0}",[21],"[{""cards"": [""7D"", ""4C"", ""KH""], ""total"": 21, ""blackjack"": false, ""busted"": false, ""surrendered"": false, ""doubled"": true, ""split_aces"": false, ""originated_from_split"": false, ""wager"": 100.0}]","[""double""]","{""rule_set"": ""BlackjackRules(decks=6, dealer_hits_soft_17=True, double_after_split=True, surrender_allowed=True, blackjack_pays_ratio=(3, 2), resplit_limit=3, resplit_aces_allowed=False)"", ""num_decks"": 6, ""penetration"": 0.75}"
2025-10-10T05:21:32Z,5,1,50.0,50.0,875.0,925.0,24,AC,"{""cards"": [""AC"", ""AC"", ""10C"", ""3C"", ""9C""], ""total"": 24, ""blackjack"": false, ""busted"": true, ""surrendered"": false, ""doubled"": false, ""split_aces"": false, ""originated_from_split"": false, ""wager"": 0.0}",[16],"[{""cards"": [""JC"", ""6S""], ""total"": 16, ""blackjack"": false, ""busted"": false, ""surrendered"": false, ""doubled"": false, ""split_aces"": false, ""originated_from_split"": false, ""wager"": 50.0}]","[""stand""]","{""rule_set"": ""BlackjackRules(decks=6, dealer_hits_soft_17=True, double_after_split=True, surrender_allowed=True, blackjack_pays_ratio=(3, 2), resplit_limit=3, resplit_aces_allowed=False)"", ""num_decks"": 6, ""penetration"": 0.75}"
2025-10-10T05:21:32Z,6,1,-50.0,50.0,1100.0,1050.0,24,AC,"{""cards"": [""AC"", ""AC"", ""10C"", ""3C"", ""9C""], ""total"": 24, ""blackjack"": false, ""busted"": true, ""surrendered"": false, ""doubled"": false, ""split_aces"": false, ""originated_from_split"": false, ""wager"": 0.0}",[27],"[{""cards"": [""9S"", ""8C"", ""KH""], ""total"": 27, ""blackjack"": false, ""busted"": true, ""surrendered"": false, ""doubled"": false, ""split_aces"": false, ""originated_from_split"": false, ""wager"": 50.0}]","[""hit""]","{""rule_set"": ""BlackjackRules(decks=6, dealer_hits_soft_17=True, double_after_split=True, surrender_allowed=True, blackjack_pays_ratio=(3, 2), resplit_limit=3, resplit_aces_allowed=False)"", ""num_decks"": 6, ""penetration"": 0.75}"
2025-10-10T05:23:47Z,0,1,-100.0,50.0,1000.0,900.0,21,6D,"{""cards"": [""6D"", ""6C"", ""9D""], ""total"": 21, ""blackjack"": false, ""busted"": false, ""surrendered"": false, ""doubled"": false, ""split_aces"": false, ""originated_from_split"": false, ""wager"": 0.0}",[20],"[{""cards"": [""6H"", ""4C"", ""JD""], ""total"": 20, ""blackjack"": false, ""busted"": false, ""surrendered"": false, ""doubled"": true, ""split_aces"": false, ""originated_from_split"": false, ""wager"": 100.0}]","[""double""]","{""rule_set"": ""BlackjackRules(decks=6, dealer_hits_soft_17=True, double_after_split=True, surrender_allowed=True, blackjack_pays_ratio=(3, 2), resplit_limit=3, resplit_aces_allowed=False)"", ""num_decks"": 6, ""penetration"": 0.75}"
2025-10-10T05:23:47Z,1,1,-50.0,50.0,950.0,900.0,21,6D,"{""cards"": [""6D"", ""6C"", ""9D""], ""total"": 21, ""blackjack"": false, ""busted"": false, ""surrendered"": false, ""doubled"": false, ""split_aces"": false, ""originated_from_split"": false, ""wager"": 0.0}",[24],"[{""cards"": [""QS"", ""4D"", ""KD""], ""total"": 24, ""blackjack"": false, ""busted"": true, ""surrendered"": false, ""doubled"": false, ""split_aces"": false, ""originated_from_split"": false, ""wager"": 50.0}]","[""hit""]","{""rule_set"": ""BlackjackRules(decks=6, dealer_hits_soft_17=True, double_after_split=True, surrender_allowed=True, blackjack_pays_ratio=(3, 2), resplit_limit=3, resplit_aces_allowed=False)"", ""num_decks"": 6, ""penetration"": 0.75}"
2025-10-10T05:23:47Z,2,1,-100.0,50.0,800.0,700.0,21,6D,"{""cards"": [""6D"", ""6C"", ""9D""], ""total"": 21, ""blackjack"": false, ""busted"": false, ""surrendered"": false, ""doubled"": false, ""split_aces"": false, ""originated_from_split"": false, ""wager"": 0.0}",[20],"[{""cards"": [""AC"", ""4S"", ""5S""], ""total"": 20, ""blackjack"": false, ""busted"": false, ""surrendered"": false, ""doubled"": true, ""split_aces"": false, ""originated_from_split"": false, ""wager"": 100.0}]","[""double""]","{""rule_set"": ""BlackjackRules(decks=6, dealer_hits_soft_17=True, double_after_split=True, surrender_allowed=True, blackjack_pays_ratio=(3, 2), resplit_limit=3, resplit_aces_allowed=False)"", ""num_decks"": 6, ""penetration"": 0.75}"
2025-10-10T05:23:47Z,3,1,-50.0,50.0,725.0,675.0,21,6D,"{""cards"": [""6D"", ""6C"", ""9D""], ""total"": 21, ""blackjack"": false, ""busted"": false, ""surrendered"": false, ""doubled"": false, ""split_aces"": false, ""originated_from_split"": false, ""wager"": 0.0}","[14, 21]","[{""cards"": [""6C"", ""2C"", ""6D""], ""total"": 14, ""blackjack"": false, ""busted"": false, ""surrendered"": false, ""doubled"": false, ""split_aces"": false, ""originated_from_split"": true, ""wager"": 50.0}, {""cards"": [""6S"", ""QD"", ""5C""], ""total"": 21, ""blackjack"": false, ""busted"": false, ""surrendered"": false, ""doubled"": false, ""split_aces"": false, ""originated_from_split"": true, ""wager"": 50.0}]","[""split"", ""hit"", ""stand"", ""hit"", ""stand""]","{""rule_set"": ""BlackjackRules(decks=6, dealer_hits_soft_17=True, double_after_split=True, surrender_allowed=True, blackjack_pays_ratio=(3, 2), resplit_limit=3, resplit_aces_allowed=False)"", ""num_decks"": 6, ""penetration"": 0.75}"
2025-10-10T05:23:47Z,4,1,-50.0,50.0,1075.0,1025.0,21,6D,"{""cards"": [""6D"", ""6C"", ""9D""], ""total"": 21, ""blackjack"": false, ""busted"": false, ""surrendered"": false, ""doubled"": false, ""split_aces"": false, ""originated_from_split"": false, ""wager"": 0.0}",[13],"[{""cards"": [""3C"", ""JD""], ""total"": 13, ""blackjack"": false, ""busted"": false, ""surrendered"": false, ""doubled"": false, ""split_aces"": false, ""originated_from_split"": false, ""wager"": 50.0}]","[""stand""]","{""rule_set"": ""BlackjackRules(decks=6, dealer_hits_soft_17=True, double_after_split=True, surrender_allowed=True, blackjack_pays_ratio=(3, 2), resplit_limit=3, resplit_aces_allowed=False)"", ""num_decks"": 6, ""penetration"": 0.75}"
2025-10-10T05:23:47Z,5,1,-50.0,50.0,925.0,875.0,21,6D,"{""cards"": [""6D"", ""6C"", ""9D""], ""total"": 21, ""blackjack"": false, ""busted"": false, ""surrendered"": false, ""doubled"": false, ""split_aces"": false, ""originated_from_split"": false, ""wager"": 0.0}",[18],"[{""cards"": [""7D"", ""3H"", ""8H""], ""total"": 18, ""blackjack"": false, ""busted"": false, ""surrendered"": false, ""doubled"": false, ""split_aces"": false, ""originated_from_split"": false, ""wager"": 50.0}]","[""hit"", ""stand""]","{""rule_set"": ""BlackjackRules(decks=6, dealer_hits_soft_17=True, double_after_split=True, surrender_allowed=True, blackjack_pays_ratio=(3, 2), resplit_limit=3, resplit_aces_allowed=False)"", ""num_decks"": 6, ""penetration"": 0.75}"
2025-10-10T05:23:47Z,6,1,-50.0,50.0,1050.0,1000.0,21,6D,"{""cards"": [""6D"", ""6C"", ""9D""], ""total"": 21, ""blackjack"": false, ""busted"": false, ""surrendered"": false, ""doubled"": false, ""split_aces"": false, ""originated_from_split"": false, ""wager"": 0.0}",[20],"[{""cards"": [""10D"", ""JC""], ""total"": 20, ""blackjack"": false, ""busted"": false, ""surrendered"": false, ""doubled"": false, ""split_aces"": false, ""originated_from_split"": false, ""wager"": 50.0}]","[""stand""]","{""rule_set"": ""BlackjackRules(decks=6, dealer_hits_soft_17=True, double_after_split=True, surrender_allowed=True, blackjack_pays_ratio=(3, 2), resplit_limit=3, resplit_aces_allowed=False)"", ""num_decks"": 6, ""penetration"": 0.75}"
2025-10-10T05:25:20Z,0,1,50.0,50.0,900.0,950.0,19,9S,"{""cards"": [""9S"", ""10S""], ""total"": 19, ""blackjack"": false, ""busted"": false, ""surrendered"": false, ""doubled"": false, ""split_aces"": false, ""originated_from_split"": false, ""wager"": 0.0}",[21],"[{""cards"": [""7S"", ""4D"", ""KH""], ""total"": 21, ""blackjack"": false, ""busted"": false, ""surrendered"": false, ""doubled"": false, ""split_aces"": false, ""originated_from_split"": false, ""wager"": 50.0}]","[""hit"", ""stand""]","{""rule_set"": ""BlackjackRules(decks=6, dealer_hits_soft_17=True, double_after_split=True, surrender_allowed=True, blackjack_pays_ratio=(3, 2), resplit_limit=3, resplit_aces_allowed=False)"", ""num_decks"": 6, ""penetration"": 0.75}"
2025-10-10T05:25:20Z,1,1,-50.0,50.0,900.0,850.0,19,9S,"{""cards"": [""9S"", ""10S""], ""total"": 19, ""blackjack"": false, ""busted"": false, ""surrendered"": false, ""doubled"": false, ""split_aces"": false, ""originated_from_split"": false, ""wager"": 0.0}",[26],"[{""cards"": [""3H"", ""KC"", ""3S"", ""KC""], ""total"": 26, ""blackjack"": false, ""busted"": true, ""surrendered"": false, ""doubled"": false, ""split_aces"": false, ""originated_from_split"": false, ""wager"": 50.0}]","[""hit"", ""hit""]","{""rule_set"": ""BlackjackRules(decks=6, dealer_hits_soft_17=True, double_after_split=True, surrender_allowed=True, blackjack_pays_ratio=(3, 2), resplit_limit=3, resplit_aces_allowed=False)"", ""num_decks"": 6, ""penetration"": 0.75}"
2025-10-10T05:25:20Z,2,1,-50.0,50.0,700.0,650.0,19,9S,"{""cards"": [""9S"", ""10S""], ""total"": 19, ""blackjack"": false, ""busted"": false, ""surrendered"": false, ""doubled"": false, ""split_aces"": false, ""originated_from_split"": false, ""wager"": 0.0}",[12],"[{""cards"": [""6C"", ""6D""], ""total"": 12, ""blackjack"": false, ""busted"": false, ""surrendered"": false, ""doubled"": false, ""split_aces"": false, ""originated_from_split"": false, ""wager"": 50.0}]","[""stand""]","{""rule_set"": ""BlackjackRules(decks=6, dealer_hits_soft_17=True, double_after_split=True, surrender_allowed=True, blackjack_pays_ratio=(3, 2), resplit_limit=3, resplit_aces_allowed=False)"", ""num_decks"": 6, ""penetration"": 0.75}"
2025-10-10T05:25:20Z,3,1,-100.0,50.0,675.0,575.0,19,9S,"{""cards"": [""9S"", ""10S""], ""total"": 19, ""blackjack"": false, ""busted"": false, ""surrendered"": false, ""doubled"": false, ""split_aces"": false, ""originated_from_split"": false, ""wager"": 0.0}",[18],"[{""cards"": [""7C"", ""4D"", ""7C""], ""total"": 18, ""blackjack"": false, ""busted"": false, ""surrendered"": false, ""doubled"": true, ""split_aces"": false, ""originated_from_split"": false, ""wager"": 100.0}]","[""double""]","{""rule_set"": ""BlackjackRules(decks=6, dealer_hits_soft_17=True, double_after_split=True, surrender_allowed=True, blackjack_pays_ratio=(3, 2), resplit_limit=3, resplit_aces_allowed=False)"", ""num_decks"": 6, ""penetration"": 0.75}"
2025-10-10T05:25:20Z,4,1,-50.0,50.0,1025.0,975.0,19,9S,"{""cards"": [""9S"", ""10S""], ""total"": 19, ""blackjack"": false, ""busted"": false, ""surrendered"": false, ""doubled"": false, ""split_aces"": false, ""originated_from_split"": false, ""wager"": 0.0}",[18],"[{""cards"": [""8D"", ""KH""], ""total"": 18, ""blackjack"": false, ""busted"": false, ""surrendered"": false, ""doubled"": false, ""split_aces"": false, ""originated_from_split"": false, ""wager"": 50.0}]","[""stand""]","{""rule_set"": ""BlackjackRules(decks=6, dealer_hits_soft_17=True, double_after_split=True, surrender_allowed=True, blackjack_pays_ratio=(3, 2), resplit_limit=3, resplit_aces_allowed=False)"", ""num_decks"": 6, ""penetration"": 0.75}"
2025-10-10T05:25:20Z,5,1,-100.0,50.0,875.0,775.0,19,9S,"{""cards"": [""9S"", ""10S""], ""total"": 19, ""blackjack"": false, ""busted"": false, ""surrendered"": false, ""doubled"": false, ""split_aces"": false, ""originated_from_split"": false, ""wager"": 0.0}",[15],"[{""cards"": [""2C"", ""8C"", ""5H""], ""total"": 15, ""blackjack"": false, ""busted"": false, ""surrendered"": false, ""doubled"": true, ""split_aces"": false, ""originated_from_split"": false, ""wager"": 100.0}]","[""double""]","{""rule_set"": ""BlackjackRules(decks=6, dealer_hits_soft_17=True, double_after_split=True, surrender_allowed=True, blackjack_pays_ratio=(3, 2), resplit_limit=3, resplit_aces_allowed=False)"", ""num_decks"": 6, ""penetration"": 0.75}"
2025-10-10T05:25:20Z,6,1,50.0,50.0,1000.0,1050.0,19,9S,"{""cards"": [""9S"", ""10S""], ""total"": 19, ""blackjack"": false, ""busted"": false, ""surrendered"": false, ""doubled"": false, ""split_aces"": false, ""originated_from_split"": false, ""wager"": 0.0}",[20],"[{""cards"": [""QC"", ""KS""], ""total"": 20, ""blackjack"": false, ""busted"": false, ""surrendered"": false, ""doubled"": false, ""split_aces"": false, ""originated_from_split"": false, ""wager"": 50.0}]","[""stand""]","{""rule_set"": ""BlackjackRules(decks=6, dealer_hits_soft_17=True, double_after_split=True, surrender_allowed=True, blackjack_pays_ratio=(3, 2), resplit_limit=3, resplit_aces_allowed=False)"", ""num_decks"": 6, ""penetration"": 0.75}"
2025-10-10T05:25:20Z,0,1,-50.0,50.0,950.0,900.0,,AD,"{""cards"": [""AD"", ""10H""], ""total"": 21, ""blackjack"": true, ""busted"": false, ""surrendered"": false, ""doubled"": false, ""split_aces"": false, ""originated_from_split"": false, ""wager"": 0.0}",[14],"[{""cards"": [""4H"", ""QS""], ""total"": 14, ""blackjack"": false, ""busted"": false, ""surrendered"": false, ""doubled"": false, ""split_aces"": false, ""originated_from_split"": false, ""wager"": 50.0}]",[],"{""rule_set"": ""BlackjackRules(decks=6, dealer_hits_soft_17=True, double_after_split=True, surrender_allowed=True, blackjack_pays_ratio=(3, 2), resplit_limit=3, resplit_aces_allowed=False)"", ""num_decks"": 6, ""penetration"": 0.75}"
2025-10-10T05:25:20Z,1,1,-50.0,50.0,850.0,800.0,,AD,"{""cards"": [""AD"", ""10H""], ""total"": 21, ""blackjack"": true, ""busted"": false, ""surrendered"": false, ""doubled"": false, ""split_aces"": false, ""originated_from_split"": false, ""wager"": 0.0}",[18],"[{""cards"": [""8H"", ""QS""], ""total"": 18, ""blackjack"": false, ""busted"": false, ""surrendered"": false, ""doubled"": false, ""split_aces"": false, ""originated_from_split"": false, ""wager"": 50.0}]",[],"{""rule_set"": ""BlackjackRules(decks=6, dealer_hits_soft_17=True, double_after_split=True, surrender_allowed=True, blackjack_pays_ratio=(3, 2), resplit_limit=3, resplit_aces_allowed=False)"", ""num_decks"": 6, ""penetration"": 0.75}"
2025-10-10T05:25:20Z,2,1,-50.0,50.0,650.0,600.0,,AD,"{""cards"": [""AD"", ""10H""], ""total"": 21, ""blackjack"": true, ""busted"": false, ""surrendered"": false, ""doubled"": false, ""split_aces"": false, ""originated_from_split"": false, ""wager"": 0.0}",[17],"[{""cards"": [""9D"", ""8C""], ""total"": 17, ""blackjack"": false, ""busted"": false, ""surrendered"": false, ""doubled"": false, ""split_aces"": false, ""originated_from_split"": false, ""wager"": 50.0}]",[],"{""rule_set"": ""BlackjackRules(decks=6, dealer_hits_soft_17=True, double_after_split=True, surrender_allowed=True, blackjack_pays_ratio=(3, 2), resplit_limit=3, resplit_aces_allowed=False)"", ""num_decks"": 6, ""penetration"": 0.75}"
2025-10-10T05:25:20Z,3,1,-50.0,50.0,575.0,525.0,,AD,"{""cards"": [""AD"", ""10H""], ""total"": 21, ""blackjack"": true, ""busted"": false, ""surrendered"": false, ""doubled"": false, ""split_aces"": false, ""originated_from_split"": false, ""wager"": 0.0}",[17],"[{""cards"": [""6H"", ""AH""], ""total"": 17, ""blackjack"": false, ""busted"": false, ""surrendered"": false, ""doubled"": false, ""split_aces"": false, ""originated_from_split"": false, ""wager"": 50.0}]",[],"{""rule_set"": ""BlackjackRules(decks=6, dealer_hits_soft_17=True, double_after_split=True, surrender_allowed=True, blackjack_pays_ratio=(3, 2), resplit_limit=3, resplit_aces_allowed=False)"", ""num_decks"": 6, ""penetration"": 0.75}"
2025-10-10T05:25:20Z,4,1,-50.0,50.0,975.0,925.0,,AD,"{""cards"": [""AD"", ""10H""], ""total"": 21, ""blackjack"": true, ""busted"": false, ""surrendered"": false, ""doubled"": false, ""split_aces"": false, ""originated_from_split"": false, ""wager"": 0.0}",[20],"[{""cards"": [""QC"", ""KD""], ""total"": 20, ""blackjack"": false, ""busted"": false, ""surrendered"": false, ""doubled"": false, ""split_aces"": false, ""originated_from_split"": false, ""wager"": 50.0}]",[],"{""rule_set"": ""BlackjackRules(decks=6, dealer_hits_soft_17=True, double_after_split=True, surrender_allowed=True, blackjack_pays_ratio=(3, 2), resplit_limit=3, resplit_aces_allowed=False)"", ""num_decks"": 6, ""penetration"": 0.75}"
2025-10-10T05:25:20Z,5,1,-50.0,50.0,775.0,725.0,,AD,"{""cards"": [""AD"", ""10H""], ""total"": 21, ""blackjack"": true, ""busted"": false, ""surrendered"": false, ""doubled"": false, ""split_aces"": false, ""originated_from_split"": false, ""wager"": 0.0}",[10],"[{""cards"": [""2D"", ""8D""], ""total"": 10, ""blackjack"": false, ""busted"": false, ""surrendered"": false, ""doubled"": false, ""split_aces"": false, ""originated_from_split"": false, ""wager"": 50.0}]",[],"{""rule_set"": ""BlackjackRules(decks=6, dealer_hits_soft_17=True, double_after_split=True, surrender_allowed=True, blackjack_pays_ratio=(3, 2), resplit_limit=3, resplit_aces_allowed=False)"", ""num_decks"": 6, ""penetration"": 0.75}"
2025-10-10T05:25:20Z,6,1,-50.0,50.0,1050.0,1000.0,,AD,"{""cards"": [""AD"", ""10H""], ""total"": 21, ""blackjack"": true, ""busted"": false, ""surrendered"": false, ""doubled"": false, ""split_aces"": false, ""originated_from_split"": false, ""wager"": 0.0}",[17],"[{""cards"": [""9S"", ""8C""], ""total"": 17, ""blackjack"": false, ""busted"": false, ""surrendered"": false, ""doubled"": false, ""split_aces"": false, ""originated_from_split"": false, ""wager"": 50.0}]",[],"{""rule_set"": ""BlackjackRules(decks=6, dealer_hits_soft_17=True, double_after_split=True, surrender_allowed=True, blackjack_pays_ratio=(3, 2), resplit_limit=3, resplit_aces_allowed=False)"", ""num_decks"": 6, ""penetration"": 0.75}"
2025-10-10T05:29:25Z,0,1,100.0,50.0,900.0,1000.0,23,9D,"{""cards"": [""9D"", ""4S"", ""JC""], ""total"": 23, ""blackjack"": false, ""busted"": true, ""surrendered"": false, ""doubled"": false, ""split_aces"": false, ""originated_from_split"": false, ""wager"": 0.0}",[19],"[{""cards"": [""2H"", ""7S"", ""QH""], ""total"": 19, ""blackjack"": false, ""busted"": false, ""surrendered"": false, ""doubled"": true, ""split_aces"": false, ""originated_from_split"": false, ""wager"": 100.0}]","[""double""]","{""rule_set"": ""BlackjackRules(decks=6, dealer_hits_soft_17=True, double_after_split=True, surrender_allowed=True, blackjack_pays_ratio=(3, 2), resplit_limit=3, resplit_aces_allowed=False)"", ""num_decks"": 6, ""penetration"": 0.75}"
2025-10-10T05:29:25Z,1,1,50.0,50.0,800.0,850.0,23,9D,"{""cards"": [""9D"", ""4S"", ""JC""], ""total"": 23, ""blackjack"": false, ""busted"": true, ""surrendered"": false, ""doubled"": false, ""split_aces"": false, ""originated_from_split"": false, ""wager"": 0.0}",[19],"[{""cards"": [""6C"", ""KS"", ""3D""], ""total"": 19, ""blackjack"": false, ""busted"": false, ""surrendered"": false, ""doubled"": false, ""split_aces"": false, ""originated_from_split"": false, ""wager"": 50.0}]","[""hit"", ""stand""]","{""rule_set"": ""BlackjackRules(decks=6, dealer_hits_soft_17=True, double_after_split=True, surrender_allowed=True, blackjack_pays_ratio=(3, 2), resplit_limit=3, resplit_aces_allowed=False)"", ""num_decks"": 6, ""penetration"": 0.75}"
2025-10-10T05:29:25Z,2,1,50.0,50.0,600.0,650.0,23,9D,"{""cards"": [""9D"", ""4S"", ""JC""], ""total"": 23, ""blackjack"": false, ""busted"": true, ""surrendered"": false, ""doubled"": false, ""split_aces"": false, ""originated_from_split"": false, ""wager"": 0.0}",[16],"[{""cards"": [""2D"", ""10S"", ""3D"", ""AS""], ""total"": 16, ""blackjack"": false, ""busted"": false, ""surrendered"": false, ""doubled"": false, ""split_aces"": false, ""originated_from_split"": false, ""wager"": 50.0}]","[""hit"", ""hit"", ""stand""]","{""rule_set"": ""BlackjackRules(decks=6, dealer_hits_soft_17=True, double_after_split=True, surrender_allowed=True, blackjack_pays_ratio=(3, 2), resplit_limit=3, resplit_aces_allowed=False)"", ""num_decks"": 6, ""penetration"": 0.75}"
2025-10-10T05:29:25Z,3,1,100.0,50.0,525.0,625.0,23,9D,"{""cards"": [""9D"", ""4S"", ""JC""], ""total"": 23, ""blackjack"": false, ""busted"": true, ""surrendered"": false, ""doubled"": false, ""split_aces"": false, ""originated_from_split"": false, ""wager"": 0.0}",[18],"[{""cards"": [""QH"", ""7C"", ""AS""], ""total"": 18, ""blackjack"": false, ""busted"": false, ""surrendered"": false, ""doubled"": true, ""split_aces"": false, ""originated_from_split"": false, ""wager"": 100.0}]","[""double""]","{""rule_set"": ""BlackjackRules(decks=6, dealer_hits_soft_17=True, double_after_split=True, surrender_allowed=True, blackjack_pays_ratio=(3, 2), resplit_limit=3, resplit_aces_allowed=False)"", ""num_decks"": 6, ""penetration"": 0.75}"
2025-10-10T05:29:25Z,4,1,50.0,50.0,925.0,975.0,23,9D,"{""cards"": [""9D"", ""4S"", ""JC""], ""total"": 23, ""blackjack"": false, ""busted"": true, ""surrendered"": false, ""doubled"": false, ""split_aces"": false, ""originated_from_split"": false, ""wager"": 0.0}",[19],"[{""cards"": [""10S"", ""9C""], ""total"": 19, ""blackjack"": false, ""busted"": false, ""surrendered"": false, ""doubled"": false, ""split_aces"": false, ""originated_from_split"": false, ""wager"": 50.0}]","[""stand""]","{""rule_set"": ""BlackjackRules(decks=6, dealer_hits_soft_17=True, double_after_split=True, surrender_allowed=True, blackjack_pays_ratio=(3, 2), resplit_limit=3, resplit_aces_allowed=False)"", ""num_decks"": 6, ""penetration"": 0.75}"
2025-10-10T05:29:25Z,5,1,100.0,50.0,725.0,825.0,23,9D,"{""cards"": [""9D"", ""4S"", ""JC""], ""total"": 23, ""blackjack"": false, ""busted"": true, ""surrendered"": false, ""doubled"": false, ""split_aces"": false, ""originated_from_split"": false, ""wager"": 0.0}",[13],"[{""cards"": [""AC"", ""4H"", ""8C""], ""total"": 13, ""blackjack"": false, ""busted"": false, ""surrendered"": false, ""doubled"": true, ""split_aces"": false, ""originated_from_split"": false, ""wager"": 100.0}]","[""double""]","{""rule_set"": ""BlackjackRules(decks=6, dealer_hits_soft_17=True, double_after_split=True, surrender_allowed=True, blackjack_pays_ratio=(3, 2), resplit_limit=3, resplit_aces_allowed=False)"", ""num_decks"": 6, ""penetration"": 0.75}"
2025-10-10T05:29:25Z,6,1,-50.0,50.0,1000.0,950.0,23,9D,"{""cards"": [""9D"", ""4S"", ""JC""], ""total"": 23, ""blackjack"": false, ""busted"": true, ""surrendered"": false, ""doubled"": false, ""split_aces"": false, ""originated_from_split"": false, ""wager"": 0.0}",[23],"[{""cards"": [""6S"", ""9D"", ""AS"", ""2H"", ""5H""], ""total"": 23, ""blackjack"": false, ""busted"": true, ""surrendered"": false, ""doubled"": false, ""split_aces"": false, ""originated_from_split"": false, ""wager"": 50.0}]","[""hit"", ""hit"", ""hit""]","{""rule_set"": ""BlackjackRules(decks=6, dealer_hits_soft_17=True, double_after_split=True, surrender_allowed=True, blackjack_pays_ratio=(3, 2), resplit_limit=3, resplit_aces_allowed=False)"", ""num_decks"": 6, ""penetration"": 0.75}"
2025-10-10T05:32:00Z,0,1,-50.0,50.0,1000.0,950.0,18,5H,"{""cards"": [""5H"", ""10S"", ""AS"", ""2H""], ""total"": 18, ""blackjack"": false, ""busted"": false, ""surrendered"": false, ""doubled"": false, ""split_aces"": false, ""originated_from_split"": false, ""wager"": 0.0}",[13],"[{""cards"": [""QD"", ""3S""], ""total"": 13, ""blackjack"": false, ""busted"": false, ""surrendered"": false, ""doubled"": false, ""split_aces"": false, ""originated_from_split"": false, ""wager"": 50.0}]","[""stand""]","{""rule_set"": ""BlackjackRules(decks=6, dealer_hits_soft_17=True, double_after_split=True, surrender_allowed=True, blackjack_pays_ratio=(3, 2), resplit_limit=3, resplit_aces_allowed=False)"", ""num_decks"": 6, ""penetration"": 0.75}"
2025-10-10T05:32:00Z,1,1,-100.0,50.0,850.0,750.0,18,5H,"{""cards"": [""5H"", ""10S"", ""AS"", ""2H""], ""total"": 18, ""blackjack"": false, ""busted"": false, ""surrendered"": false, ""doubled"": false, ""split_aces"": false, ""originated_from_split"": false, ""wager"": 0.0}",[17],"[{""cards"": [""JH"", ""5S"", ""2D""], ""total"": 17, ""blackjack"": false, ""busted"": false, ""surrendered"": false, ""doubled"": true, ""split_aces"": false, ""originated_from_split"": false, ""wager"": 100.0}]","[""double""]","{""rule_set"": ""BlackjackRules(decks=6, dealer_hits_soft_17=True, double_after_split=True, surrender_allowed=True, blackjack_pays_ratio=(3, 2), resplit_limit=3, resplit_aces_allowed=False)"", ""num_decks"": 6, ""penetration"": 0.75}"
2025-10-10T05:32:00Z,2,1,100.0,50.0,650.0,750.0,18,5H,"{""cards"": [""5H"", ""10S"", ""AS"", ""2H""], ""total"": 18, ""blackjack"": false, ""busted"": false, ""surrendered"": false, ""doubled"": false, ""split_aces"": false, ""originated_from_split"": false, ""wager"": 0.0}",[19],"[{""cards"": [""4C"", ""5D"", ""JH""], ""total"": 19, ""blackjack"": false, ""busted"": false, ""surrendered"": false, ""doubled"": true, ""split_aces"": false, ""originated_from_split"": false, ""wager"": 100.0}]","[""double""]","{""rule_set"": ""BlackjackRules(decks=6, dealer_hits_soft_17=True, double_after_split=True, surrender_allowed=True, blackjack_pays_ratio=(3, 2), resplit_limit=3, resplit_aces_allowed=False)"", ""num_decks"": 6, ""penetration"": 0.75}"
2025-10-10T05:32:00Z,3,1,-100.0,50.0,625.0,525.0,18,5H,"{""cards"": [""5H"", ""10S"", ""AS"", ""2H""], ""total"": 18, ""blackjack"": false, ""busted"": false, ""surrendered"": false, ""doubled"": false, ""split_aces"": false, ""originated_from_split"": false, ""wager"": 0.0}",[23],"[{""cards"": [""QC"", ""QD"", ""3S""], ""total"": 23, ""blackjack"": false, ""busted"": true, ""surrendered"": false, ""doubled"": true, ""split_aces"": false, ""originated_from_split"": false, ""wager"": 100.0}]","[""double""]","{""rule_set"": ""BlackjackRules(decks=6, dealer_hits_soft_17=True, double_after_split=True, surrender_allowed=True, blackjack_pays_ratio=(3, 2), resplit_limit=3, resplit_aces_allowed=False)"", ""num_decks"": 6, ""penetration"": 0.75}"
2025-10-10T05:32:00Z,4,1,-100.0,50.0,975.0,875.0,18,5H,"{""cards"": [""5H"", ""10S"", ""AS"", ""2H""], ""total"": 18, ""blackjack"": false, ""busted"": false, ""surrendered"": false, ""doubled"": false, ""split_aces"": false, ""originated_from_split"": false, ""wager"": 0.0}",[14],"[{""cards"": [""2C"", ""8S"", ""4D""], ""total"": 14, ""blackjack"": false, ""busted"": false, ""surrendered"": false, ""doubled"": true, ""split_aces"": false, ""originated_from_split"": false, ""wager"": 100.0}]","[""double""]","{""rule_set"": ""BlackjackRules(decks=6, dealer_hits_soft_17=True, double_after_split=True, surrender_allowed=True, blackjack_pays_ratio=(3, 2), resplit_limit=3, resplit_aces_allowed=False)"", ""num_decks"": 6, ""penetration"": 0.75}"
2025-10-10T05:32:00Z,5,1,-50.0,50.0,825.0,775.0,18,5H,"{""cards"": [""5H"", ""10S"", ""AS"", ""2H""], ""total"": 18, ""blackjack"": false, ""busted"": false, ""surrendered"": false, ""doubled"": false, ""split_aces"": false, ""originated_from_split"": false, ""wager"": 0.0}",[25],"[{""cards"": [""JD"", ""5D"", ""10S""], ""total"": 25, ""blackjack"": false, ""busted"": true, ""surrendered"": false, ""doubled"": false, ""split_aces"": false, ""originated_from_split"": false, ""wager"": 50.0}]","[""hit""]","{""rule_set"": ""BlackjackRules(decks=6, dealer_hits_soft_17=True, double_after_split=True, surrender_allowed=True, blackjack_pays_ratio=(3, 2), resplit_limit=3, resplit_aces_allowed=False)"", ""num_decks"": 6, ""penetration"": 0.75}"
2025-10-10T05:32:00Z,6,1,50.0,50.0,950.0,1000.0,18,5H,"{""cards"": [""5H"", ""10S"", ""AS"", ""2H""], ""total"": 18, ""blackjack"": false, ""busted"": false, ""surrendered"": false, ""doubled"": false, ""split_aces"": false, ""originated_from_split"": false, ""wager"": 0.0}",[19],"[{""cards"": [""3D"", ""4S"", ""10C"", ""2S""], ""total"": 19, ""blackjack"": false, ""busted"": false, ""surrendered"": false, ""doubled"": false, ""split_aces"": false, ""originated_from_split"": false, ""wager"": 50.0}]","[""hit"", ""hit"", ""stand""]","{""rule_set"": ""BlackjackRules(decks=6, dealer_hits_soft_17=True, double_after_split=True, surrender_allowed=True, blackjack_pays_ratio=(3, 2), resplit_limit=3, resplit_aces_allowed=False)"", ""num_decks"": 6, ""penetration"": 0.75}"
2025-10-10T05:34:25Z,0,1,-25.0,50.0,950.0,925.0,17,9S,"{""cards"": [""9S"", ""8H""], ""total"": 17, ""blackjack"": false, ""busted"": false, ""surrendered"": false, ""doubled"": false, ""split_aces"": false, ""originated_from_split"": false, ""wager"": 0.0}",[12],"[{""cards"": [""2C"", ""QC""], ""total"": 12, ""blackjack"": false, ""busted"": false, ""surrendered"": true, ""doubled"": false, ""split_aces"": false, ""originated_from_split"": false, ""wager"": 50.0}]","[""surrender""]","{""rule_set"": ""BlackjackRules(decks=6, dealer_hits_soft_17=True, double_after_split=True, surrender_allowed=True, blackjack_pays_ratio=(3, 2), resplit_limit=3, resplit_aces_allowed=False)"", ""num_decks"": 6, ""penetration"": 0.75}"
2025-10-10T05:34:25Z,1,1,100.0,50.0,750.0,850.0,17,9S,"{""cards"": [""9S"", ""8H""], ""total"": 17, ""blackjack"": false, ""busted"": false, ""surrendered"": false, ""doubled"": false, ""split_aces"": false, ""originated_from_split"": false, ""wager"": 0.0}",[19],"[{""cards"": [""5C"", ""6H"", ""8S""], ""total"": 19, ""blackjack"": false, ""busted"": false, ""surrendered"": false, ""doubled"": true, ""split_aces"": false, ""originated_from_split"": false, ""wager"": 100.0}]","[""double""]","{""rule_set"": ""BlackjackRules(decks=6, dealer_hits_soft_17=True, double_after_split=True, surrender_allowed=True, blackjack_pays_ratio=(3, 2), resplit_limit=3, resplit_aces_allowed=False)"", ""num_decks"": 6, ""penetration"": 0.75}"
2025-10-10T05:34:25Z,2,1,50.0,50.0,750.0,800.0,17,9S,"{""cards"": [""9S"", ""8H""], ""total"": 17, ""blackjack"": false, ""busted"": false, ""surrendered"": false, ""doubled"": false, ""split_aces"": false, ""originated_from_split"": false, ""wager"": 0.0}",[18],"[{""cards"": [""2C"", ""7H"", ""5D"", ""4D""], ""total"": 18, ""blackjack"": false, ""busted"": false, ""surrendered"": false, ""doubled"": false, ""split_aces"": false, ""originated_from_split"": false, ""wager"": 50.0}]","[""hit"", ""hit"", ""stand""]","{""rule_set"": ""BlackjackRules(decks=6, dealer_hits_soft_17=True, double_after_split=True, surrender_allowed=True, blackjack_pays_ratio=(3, 2), resplit_limit=3, resplit_aces_allowed=False)"", ""num_decks"": 6, ""penetration"": 0.75}"
2025-10-10T05:34:25Z,3,1,-100.0,50.0,525.0,425.0,17,9S,"{""cards"": [""9S"", ""8H""], ""total"": 17, ""blackjack"": false, ""busted"": false, ""surrendered"": false, ""doubled"": false, ""split_aces"": false, ""originated_from_split"": false, ""wager"": 0.0}",[13],"[{""cards"": [""AC"", ""9H"", ""3D""], ""total"": 13, ""blackjack"": false, ""busted"": false, ""surrendered"": false, ""doubled"": true, ""split_aces"": false, ""originated_from_split"": false, ""wager"": 100.0}]","[""double""]","{""rule_set"": ""BlackjackRules(decks=6, dealer_hits_soft_17=True, double_after_split=True, surrender_allowed=True, blackjack_pays_ratio=(3, 2), resplit_limit=3, resplit_aces_allowed=False)"", ""num_decks"": 6, ""penetration"": 0.75}"
2025-10-10T05:34:25Z,4,1,50.0,50.0,875.0,925.0,17,9S,"{""cards"": [""9S"", ""8H""], ""total"": 17, ""blackjack"": false, ""busted"": false, ""surrendered"": false, ""doubled"": false, ""split_aces"": false, ""originated_from_split"": false, ""wager"": 0.0}",[18],"[{""cards"": [""7H"", ""5D"", ""6H""], ""total"": 18, ""blackjack"": false, ""busted"": false, ""surrendered"": false, ""doubled"": false, ""split_aces"": false, ""originated_from_split"": false, ""wager"": 50.0}]","[""hit"", ""stand""]","{""rule_set"": ""BlackjackRules(decks=6, dealer_hits_soft_17=True, double_after_split=True, surrender_allowed=True, blackjack_pays_ratio=(3, 2), resplit_limit=3, resplit_aces_allowed=False)"", ""num_decks"": 6, ""penetration"": 0.75}"
2025-10-10T05:34:25Z,5,1,-100.0,50.0,775.0,675.0,17,9S,"{""cards"": [""9S"", ""8H""], ""total"": 17, ""blackjack"": false, ""busted"": false, ""surrendered"": false, ""doubled"": false, ""split_aces"": false, ""originated_from_split"": false, ""wager"": 0.0}",[26],"[{""cards"": [""QH"", ""8S"", ""8D""], ""total"": 26, ""blackjack"": false, ""busted"": true, ""surrendered"": false, ""doubled"": true, ""split_aces"": false, ""originated_from_split"": false, ""wager"": 100.0}]","[""double""]","{""rule_set"": ""BlackjackRules(decks=6, dealer_hits_soft_17=True, double_after_split=True, surrender_allowed=True, blackjack_pays_ratio=(3, 2), resplit_limit=3, resplit_aces_allowed=False)"", ""num_decks"": 6, ""penetration"": 0.75}"
2025-10-10T05:34:25Z,6,1,50.0,50.0,1000.0,1050.0,17,9S,"{""cards"": [""9S"", ""8H""], ""total"": 17, ""blackjack"": false, ""busted"": false, ""surrendered"": false, ""doubled"": false, ""split_aces"": false, ""originated_from_split"": false, ""wager"": 0.0}",[20],"[{""cards"": [""KC"", ""QC""], ""total"": 20, ""blackjack"": false, ""busted"": false, ""surrendered"": false, ""doubled"": false, ""split_aces"": false, ""originated_from_split"": false, ""wager"": 50.0}]","[""stand""]","{""rule_set"": ""BlackjackRules(decks=6, dealer_hits_soft_17=True, double_after_split=True, surrender_allowed=True, blackjack_pays_ratio=(3, 2), resplit_limit=3, resplit_aces_allowed=False)"", ""num_decks"": 6, ""penetration"": 0.75}"
